,Close,High,Low,Open,Date,Volume
0,99.2447,100.89,98.77,100.89,2021-04-15,4517
1,99.1012,99.13,98.985,99.12,2021-04-18,4561
2,99.0441,99.3,98.79,98.79,2021-04-19,3736
3,98.9705,99.01,98.9,99.01,2021-04-20,997
4,99.001,99.04,98.86,98.925,2021-04-21,1599
5,98.98,99.01,98.8801,99.01,2021-04-22,1888
6,98.97,99.0,98.9082,99.0,2021-04-25,2503
7,98.8326,98.95,98.82,98.95,2021-04-26,1317
8,98.8864,98.8864,98.76,98.88,2021-04-27,1002
9,98.855,98.9,98.8,98.81,2021-04-28,2466
10,98.8893,98.93,98.88,98.92,2021-04-29,1922
11,98.9446,98.945,98.91,98.91,2021-05-02,2307
12,98.985,99.05,98.96,98.96,2021-05-03,2847
13,99.06,99.06,98.994,99.0,2021-05-04,2950
14,99.075,99.101,99.031,99.1,2021-05-05,4313
15,99.1475,99.215,99.1475,99.15,2021-05-06,1834
16,99.11,99.2,99.07,99.2,2021-05-09,2968
17,99.11,99.11,99.11,99.11,2021-05-11,0
18,99.11,99.11,99.11,99.11,2021-05-12,0
19,99.11,99.11,99.11,99.11,2021-05-13,0
20,99.11,99.11,99.11,99.11,2021-05-14,0
21,99.11,99.11,99.11,99.11,2021-05-17,0
22,99.11,99.11,99.11,99.11,2021-05-18,0
23,99.11,99.11,99.11,99.11,2021-05-19,0
24,99.11,99.11,99.11,99.11,2021-05-20,0
25,99.11,99.11,99.11,99.11,2021-05-21,0
26,99.11,99.11,99.11,99.11,2021-05-24,0
27,99.11,99.11,99.11,99.11,2021-05-25,0
28,99.11,99.11,99.11,99.11,2021-05-26,0
29,99.11,99.11,99.11,99.11,2021-05-27,0
30,99.11,99.11,99.11,99.11,2021-05-28,0
31,99.11,99.11,99.11,99.11,2021-06-01,0
32,99.11,99.11,99.11,99.11,2021-06-02,0
33,99.11,99.11,99.11,99.11,2021-06-03,0
34,99.11,99.11,99.11,99.11,2021-06-04,0
35,99.11,99.11,99.11,99.11,2021-06-07,0
36,99.11,99.11,99.11,99.11,2021-06-08,0
37,99.11,99.11,99.11,99.11,2021-06-09,0
38,99.11,99.11,99.11,99.11,2021-06-10,0
39,99.11,99.11,99.11,99.11,2021-06-11,0
40,99.11,99.11,99.11,99.11,2021-06-14,0
41,99.11,99.11,99.11,99.11,2021-06-15,0
42,99.11,99.11,99.11,99.11,2021-06-16,0
43,99.11,99.11,99.11,99.11,2021-06-17,0
44,99.11,99.11,99.11,99.11,2021-06-18,0
45,99.11,99.11,99.11,99.11,2021-06-21,0
46,99.11,99.11,99.11,99.11,2021-06-22,0
47,99.11,99.11,99.11,99.11,2021-06-23,0
48,99.11,99.11,99.11,99.11,2021-06-24,0
49,99.11,99.11,99.11,99.11,2021-06-25,0
50,99.11,99.11,99.11,99.11,2021-06-28,0
51,99.11,99.11,99.11,99.11,2021-06-29,0
52,99.11,99.11,99.11,99.11,2021-06-30,0
53,99.11,99.11,99.11,99.11,2021-07-01,0
54,99.11,99.11,99.11,99.11,2021-07-02,0
55,99.11,99.11,99.11,99.11,2021-07-06,0
56,99.11,99.11,99.11,99.11,2021-07-07,0
57,99.11,99.11,99.11,99.11,2021-07-08,0
58,99.11,99.11,99.11,99.11,2021-07-09,0
59,99.11,99.11,99.11,99.11,2021-07-12,0
60,99.11,99.11,99.11,99.11,2021-07-13,0
61,99.11,99.11,99.11,99.11,2021-07-14,0
62,99.11,99.11,99.11,99.11,2021-07-15,0
63,99.11,99.11,99.11,99.11,2021-07-16,0
64,99.6503,99.665,99.585,99.66,2021-07-19,20415
65,99.7074,99.7074,99.7074,99.7074,2021-07-20,37
66,99.5483,99.555,99.5483,99.555,2021-07-21,158
67,99.6382,99.6452,99.6382,99.64,2021-07-22,203
68,99.641,99.69,99.6201,99.6201,2021-07-23,14144
69,99.6525,99.675,99.639,99.675,2021-07-26,1736
70,99.7154,99.7154,99.7154,99.7154,2021-07-27,14
71,99.755,99.755,99.695,99.695,2021-07-28,163
72,99.7037,99.7037,99.68,99.681,2021-07-29,509
73,99.7767,99.7767,99.7,99.7,2021-07-30,213
74,99.901,99.901,99.901,99.901,2021-08-02,254
75,99.9047,99.9047,99.9047,99.9047,2021-08-03,5
76,99.8466,99.8466,99.8466,99.8466,2021-08-04,55
77,99.735,99.735,99.735,99.735,2021-08-05,73
78,99.5585,99.5585,99.5585,99.5585,2021-08-06,4
79,99.4774,99.4774,99.4774,99.4774,2021-08-09,4
80,99.3893,99.3949,99.3893,99.3949,2021-08-10,118
81,99.4693,99.4693,99.39,99.45,2021-08-11,530
82,99.445,99.449,99.445,99.449,2021-08-12,243
83,99.5825,99.5825,99.5825,99.5825,2021-08-13,4
84,99.6496,99.6496,99.64,99.64,2021-08-16,120
85,99.6,99.6,99.18,99.18,2021-08-17,326
86,99.55,99.575,99.55,99.575,2021-08-18,425
87,99.605,99.605,99.605,99.605,2021-08-19,136
88,99.5696,99.5696,99.5696,99.5696,2021-08-20,4
89,99.5932,99.5932,99.5932,99.5932,2021-08-23,138
90,99.535,99.58,99.535,99.541,2021-08-24,910
91,99.445,99.445,99.445,99.445,2021-08-25,94
92,99.4585,99.4585,99.44,99.44,2021-08-26,2006
93,99.5864,99.5864,99.5864,99.5864,2021-08-27,2
94,99.685,99.685,99.685,99.685,2021-08-30,74
95,99.695,99.695,99.64,99.65,2021-08-31,126287
96,99.68,99.719,99.68,99.719,2021-09-01,103
97,99.7202,99.76,99.72,99.76,2021-09-02,572
98,99.69,99.75,99.69,99.72,2021-09-03,1509
99,99.5551,99.576,99.5551,99.576,2021-09-07,862
100,99.61,99.61,99.61,99.61,2021-09-08,200
101,99.725,99.725,99.725,99.725,2021-09-09,24
102,99.635,99.635,99.635,99.635,2021-09-10,13
103,99.615,99.615,99.5644,99.5644,2021-09-13,209
104,99.735,99.735,99.69,99.735,2021-09-14,1008
105,99.66,99.7099,99.66,99.7099,2021-09-15,102
106,99.58,99.58,99.53,99.5301,2021-09-16,877
107,99.465,99.465,99.39,99.39,2021-09-17,502
108,99.625,99.625,99.4101,99.4101,2021-09-20,110
109,99.59,99.59,99.5878,99.5878,2021-09-21,464
110,99.55,99.55,99.55,99.55,2021-09-22,122
111,99.2947,99.3999,99.26,99.3999,2021-09-23,2339
112,99.19,99.2,99.19,99.2,2021-09-24,171
113,99.18,99.18,99.18,99.18,2021-09-27,52
114,98.965,98.965,98.965,98.965,2021-09-28,12
115,98.9849,98.9849,98.9849,98.9849,2021-09-29,33
116,99.02,99.02,99.02,99.02,2021-09-30,76
117,99.18,99.18,99.18,99.18,2021-10-01,18
118,99.15,99.15,99.15,99.15,2021-10-04,6
119,99.065,99.065,99.065,99.065,2021-10-05,16
120,99.06,99.06,99.06,99.06,2021-10-06,5
121,98.915,98.915,98.9097,98.9097,2021-10-07,252
122,98.86,98.86,98.86,98.86,2021-10-08,6
123,98.7244,98.765,98.7244,98.765,2021-10-11,125
124,98.825,98.825,98.825,98.825,2021-10-12,26
125,98.837,98.837,98.837,98.837,2021-10-13,51
126,98.94,98.94,98.94,98.94,2021-10-14,6
127,98.775,98.775,98.775,98.775,2021-10-15,4
128,98.67,98.67,98.67,98.67,2021-10-18,2
129,98.595,98.595,98.58,98.58,2021-10-19,254
130,98.6745,98.69,98.57,98.57,2021-10-20,845
131,98.475,98.475,98.475,98.475,2021-10-21,100
132,98.5118,98.5118,98.4,98.4,2021-10-22,205
133,98.57,98.57,98.57,98.57,2021-10-25,48
134,98.63,98.63,98.63,98.63,2021-10-26,50716
135,98.77,98.77,98.77,98.77,2021-10-27,8
136,98.65,98.65,98.64,98.64,2021-10-28,307
137,98.6806,98.6806,98.6806,98.6806,2021-10-29,7
138,98.6172,98.68,98.53,98.67,2021-11-01,1840
139,98.75,98.75,98.75,98.75,2021-11-02,157
140,98.695,98.77,98.695,98.7,2021-11-03,610
141,98.9101,98.9101,98.9101,98.9101,2021-11-04,41
142,99.11,99.11,99.01,99.045,2021-11-05,924
143,98.925,98.9799,98.88,98.95,2021-11-08,2454
144,99.064,99.064,99.064,99.064,2021-11-09,4
145,98.7,98.7,98.7,98.7,2021-11-10,9
146,98.585,98.585,98.585,98.585,2021-11-11,12
147,98.6343,98.73,98.55,98.73,2021-11-12,1549
148,98.5071,98.5071,98.5071,98.5071,2021-11-15,3
149,98.45,98.5001,98.45,98.5001,2021-11-16,466
150,98.53,98.53,98.53,98.53,2021-11-17,42
151,98.58,98.64,98.58,98.64,2021-11-18,1041
152,98.605,98.605,98.605,98.605,2021-11-19,338
153,98.27,98.27,98.27,98.27,2021-11-22,26
154,98.1725,98.1725,98.1725,98.1725,2021-11-23,4
155,98.185,98.185,98.185,98.185,2021-11-24,12
156,98.548,98.5999,98.548,98.5999,2021-11-26,174
157,98.565,98.59,98.55,98.55,2021-11-29,2489
158,98.6405,98.89,98.6405,98.89,2021-11-30,354054
159,98.6127,98.6127,98.6127,98.6127,2021-12-01,13
160,98.5825,98.5825,98.5825,98.5825,2021-12-02,5
161,98.7681,98.8034,98.7681,98.79,2021-12-03,2036
162,98.595,98.595,98.595,98.595,2021-12-06,38
163,98.51,98.51,98.51,98.51,2021-12-07,88
164,98.445,98.445,98.391,98.391,2021-12-08,752
165,98.4688,98.4946,98.4688,98.48,2021-12-09,308
166,98.51,98.51,98.51,98.51,2021-12-10,71
167,98.635,98.635,98.5666,98.5666,2021-12-13,1116
168,98.545,98.545,98.545,98.545,2021-12-14,3
169,98.4436,98.4436,98.434,98.434,2021-12-15,1005
170,98.6512,98.6512,98.6245,98.631,2021-12-16,597
171,98.64,98.64,98.64,98.64,2021-12-17,54
172,98.645,98.645,98.645,98.645,2021-12-20,48
173,98.5,98.5,98.5,98.5,2021-12-21,199
174,98.5918,98.5918,98.5918,98.5918,2021-12-22,2
175,98.5417,98.5417,98.53,98.53,2021-12-23,505
176,98.55,98.55,98.27,98.54,2021-12-27,2513
177,98.59,98.61,98.59,98.61,2021-12-28,160
178,98.485,98.485,98.47,98.47,2021-12-29,402
179,98.6095,98.6095,98.6095,98.6095,2021-12-30,83
180,98.585,98.585,98.585,98.585,2021-12-31,5
181,98.2947,98.31,98.2947,98.31,2022-01-03,177
182,98.2915,98.2915,98.28,98.28,2022-01-04,356148
183,98.0964,98.27,98.0901,98.25,2022-01-05,356863
184,97.985,97.985,97.985,97.985,2022-01-06,104
185,97.8946,97.8946,97.8946,97.8946,2022-01-07,3
186,97.8451,97.9,97.83,97.84,2022-01-10,8362
187,97.9223,97.9223,97.85,97.85,2022-01-11,103
188,97.92,97.925,97.92,97.925,2022-01-12,104
189,97.991,97.991,97.991,97.991,2022-01-13,2
190,97.735,97.8085,97.735,97.8085,2022-01-14,133
191,97.4107,97.44,97.4107,97.44,2022-01-18,163
192,97.4942,97.505,97.4942,97.505,2022-01-19,103
193,97.5026,97.5026,97.5026,97.5026,2022-01-20,2
194,97.69,97.69,97.69,97.69,2022-01-21,84
195,97.7102,97.84,97.7102,97.7699,2022-01-24,6378
196,97.6316,97.6701,97.6316,97.6701,2022-01-25,106
197,97.3395,97.3395,97.3395,97.3395,2022-01-26,5
198,97.31,97.389,97.31,97.389,2022-01-27,206
199,97.4121,97.4121,97.311,97.311,2022-01-28,925
200,97.4174,97.451,97.4174,97.451,2022-01-31,935
201,97.4,97.405,97.4,97.405,2022-02-01,280
202,97.4742,97.4742,97.4742,97.4742,2022-02-02,4
203,97.3099,97.3099,97.255,97.309,2022-02-03,221
204,96.925,96.929,96.925,96.929,2022-02-04,104
205,96.9684,96.9684,96.9504,96.9504,2022-02-07,502
206,96.8277,96.8277,96.8277,96.8277,2022-02-08,3
207,96.855,96.855,96.855,96.855,2022-02-09,2
208,96.2838,96.2838,96.2838,96.2838,2022-02-10,2
209,96.6854,96.6854,96.6854,96.6854,2022-02-11,4
210,96.4243,96.4243,96.4243,96.4243,2022-02-14,13
211,96.355,96.359,96.355,96.359,2022-02-15,103
212,96.4341,96.4341,96.4341,96.4341,2022-02-16,2
213,96.5672,96.5672,96.5672,96.5672,2022-02-17,4
214,96.6423,96.6423,96.6423,96.6423,2022-02-18,2
215,96.5239,96.55,96.5239,96.54,2022-02-22,156012
216,96.3904,96.3904,96.3904,96.3904,2022-02-23,22
217,96.4816,96.4816,96.4816,96.4816,2022-02-24,48
218,96.495,96.495,96.495,96.495,2022-02-25,10
219,96.9391,96.9391,96.9391,96.9391,2022-02-28,43
220,97.2921,97.2921,97.28,97.28,2022-03-01,107
221,96.7511,97.05,96.7511,97.05,2022-03-02,316
222,96.7938,96.7938,96.7938,96.7938,2022-03-03,4
223,97.0564,97.0564,97.0564,97.0564,2022-03-04,14
224,96.8178,96.8178,96.8178,96.8178,2022-03-07,2
225,96.465,96.465,96.465,96.465,2022-03-08,23
226,96.2619,96.2619,96.2619,96.2619,2022-03-09,30
227,96.085,96.085,96.085,96.085,2022-03-10,5
228,96.0301,96.0301,96.0301,96.0301,2022-03-11,139
229,95.5593,95.5593,95.5593,95.5593,2022-03-14,31
230,95.5408,95.5408,95.5408,95.5408,2022-03-15,26
231,95.4858,95.4858,95.4858,95.4858,2022-03-16,20
232,95.5998,95.5998,95.5998,95.5998,2022-03-17,23
233,95.7017,95.7017,95.7017,95.7017,2022-03-18,11
234,95.1512,95.1692,95.1401,95.15,2022-03-21,503
235,94.997,94.997,94.997,94.997,2022-03-22,7
236,95.2136,95.2136,95.2136,95.2136,2022-03-23,1
237,95.0865,95.0865,95.0865,95.0865,2022-03-24,4
238,94.6209,94.6209,94.6209,94.6209,2022-03-25,5
239,94.6462,94.6462,94.6462,94.6462,2022-03-28,11
240,94.647,94.647,94.52,94.52,2022-03-29,1004
241,94.8392,94.8392,94.71,94.711,2022-03-30,2615
242,94.8715,95.0089,94.8715,95.0089,2022-03-31,906
243,94.51,95.07,94.51,94.61,2022-04-01,19678
244,94.61,94.61,94.61,94.61,2022-04-04,11
245,94.165,94.18,94.165,94.18,2022-04-05,462
246,94.1,94.111,94.07,94.07,2022-04-06,2898
247,94.0753,94.11,94.0753,94.11,2022-04-07,543
248,93.8651,93.8651,93.8651,93.8651,2022-04-08,1482
249,93.6835,93.71,93.6835,93.71,2022-04-11,327
250,94.0313,94.0313,94.0313,94.0313,2022-04-12,5
251,94.0556,94.0556,94.0556,94.0556,2022-04-13,1305
252,93.715,93.715,93.715,93.715,2022-04-14,3
253,93.665,93.665,93.665,93.665,2022-04-18,2
254,93.2754,93.2754,93.2754,93.2754,2022-04-19,6221
255,93.4,93.4,93.4,93.4,2022-04-20,127
256,93.2292,93.2292,93.2292,93.2292,2022-04-21,3
257,93.1637,93.1637,93.1637,93.1637,2022-04-22,7
258,93.45,93.45,93.4,93.4,2022-04-25,404
259,93.6806,93.6806,93.6149,93.65,2022-04-26,450
260,93.5149,93.62,93.5149,93.62,2022-04-27,514
261,93.4028,93.4028,93.3105,93.3105,2022-04-28,320
262,93.2387,93.27,93.2387,93.26,2022-04-29,11026
263,92.8886,92.8886,92.8886,92.8886,2022-05-02,2
264,92.9452,93.1,92.9452,93.1,2022-05-03,755
265,93.2767,93.2767,92.88,92.88,2022-05-04,803
266,92.9605,92.981,92.79,92.981,2022-05-05,436
267,92.79,92.79,92.79,92.79,2022-05-06,63
268,93.0808,93.0808,92.91,92.91,2022-05-09,1373
269,93.1917,93.2,93.19,93.19,2022-05-10,399
270,93.31,93.31,93.31,93.31,2022-05-11,20
271,93.4797,93.4797,93.4797,93.4797,2022-05-12,29
272,93.305,93.305,93.305,93.305,2022-05-13,11
273,93.475,93.5299,93.46,93.5299,2022-05-16,614
274,93.0897,93.0897,93.0897,93.0897,2022-05-17,3
275,93.245,93.29,93.245,93.26,2022-05-18,601
276,93.4443,93.4443,93.4443,93.4443,2022-05-19,2
277,93.6096,93.6096,93.6096,93.6096,2022-05-20,7
278,93.42,93.42,93.42,93.42,2022-05-23,3
279,93.8124,93.8499,93.8124,93.8499,2022-05-24,199
280,94.0079,94.0079,94.0079,94.0079,2022-05-25,82
281,94.09,94.09,93.994,93.994,2022-05-26,250
282,94.14,94.14,94.09,94.09,2022-05-27,147
283,93.7925,93.7925,93.755,93.78,2022-05-31,268
284,93.495,93.56,93.4514,93.56,2022-06-01,391
285,93.545,93.545,93.545,93.545,2022-06-02,2
286,93.4544,93.63,93.45,93.45,2022-06-03,1692
287,93.1991,93.1991,93.1991,93.1991,2022-06-06,3
288,93.3179,93.3179,93.3179,93.3179,2022-06-07,7
289,93.175,93.175,93.175,93.175,2022-06-08,3
290,93.05,93.0796,93.05,93.0796,2022-06-09,181
291,92.4326,92.72,92.4326,92.72,2022-06-10,153
292,91.527,91.77,91.527,91.77,2022-06-13,114
293,91.1784,91.1784,91.1784,91.1784,2022-06-14,18
294,91.86,91.86,91.86,91.86,2022-06-15,12
295,92.0751,92.0751,92.0751,92.0751,2022-06-16,2
296,92.0378,92.0378,92.0378,92.0378,2022-06-17,52
297,91.905,91.905,91.905,91.905,2022-06-21,12
298,92.3947,92.3947,92.3947,92.3947,2022-06-22,1
299,92.5976,92.5976,92.5976,92.5976,2022-06-23,90
300,92.545,92.6,92.545,92.6,2022-06-24,270
301,92.317,92.397,92.317,92.397,2022-06-27,366
302,92.2145,92.2145,92.2145,92.2145,2022-06-28,7
303,92.5,92.5,92.4299,92.43,2022-06-29,487
304,92.8779,92.8779,92.8779,92.8779,2022-06-30,98
305,93.425,93.425,93.425,93.425,2022-07-01,84
306,93.55,93.55,93.55,93.55,2022-07-05,110
307,93.1014,93.185,93.1014,93.185,2022-07-06,302
308,92.915,92.915,92.915,92.915,2022-07-07,4
309,92.76,92.76,92.76,92.76,2022-07-08,1
310,92.9521,92.9521,92.9521,92.9521,2022-07-11,3
311,93.1,93.1,93.1,93.1,2022-07-12,4
312,93.1258,93.1258,93.0668,93.0668,2022-07-13,186
313,92.9967,92.9967,92.9967,92.9967,2022-07-14,2
314,93.095,93.095,93.095,93.095,2022-07-15,2
315,93.045,93.045,92.85,92.85,2022-07-18,134
316,92.8367,92.8367,92.8367,92.8367,2022-07-19,3
317,92.785,92.785,92.785,92.785,2022-07-20,1
318,93.3161,93.3161,93.3161,93.3161,2022-07-21,37
319,93.7811,93.7811,93.7811,93.7811,2022-07-22,76
320,93.65,93.65,93.65,93.65,2022-07-25,3
321,93.5988,93.7799,93.5988,93.7799,2022-07-26,482
322,93.91,93.91,93.77,93.77,2022-07-27,103
323,94.335,94.36,94.335,94.36,2022-07-28,402
324,94.415,94.415,94.39,94.39,2022-07-29,371
325,94.495,94.53,94.495,94.53,2022-08-01,365
326,93.845,94.225,93.8,94.225,2022-08-02,10729
327,93.9832,93.9832,93.65,93.65,2022-08-03,376
328,94.1843,94.1843,94.05,94.05,2022-08-04,9768
329,93.5948,93.5948,93.5948,93.5948,2022-08-05,1
330,93.775,93.775,93.775,93.775,2022-08-08,24
331,93.6116,93.6116,93.5616,93.5616,2022-08-09,403
332,93.895,93.9,93.895,93.9,2022-08-10,236
333,93.5561,93.5561,93.5561,93.5561,2022-08-11,18
334,93.713,93.713,93.713,93.713,2022-08-12,7
335,93.8743,93.9599,93.8743,93.9599,2022-08-15,157
336,93.7423,93.7423,93.7423,93.7423,2022-08-16,3
337,93.427,93.427,93.427,93.427,2022-08-17,2
338,93.5251,93.55,93.525,93.55,2022-08-18,6692
339,93.3,93.3,93.3,93.3,2022-08-19,1
340,93.055,93.1001,93.055,93.1001,2022-08-22,348
341,93.0072,93.045,93.0072,93.045,2022-08-23,4602
342,92.8584,92.8584,92.83,92.84,2022-08-24,1259
343,93.1124,93.1124,93.1124,93.1124,2022-08-25,1
344,93.005,93.02,93.005,93.02,2022-08-26,226
345,92.74,92.7593,92.74,92.7593,2022-08-29,799
346,92.6966,92.6966,92.6966,92.6966,2022-08-30,3
347,92.665,92.72,92.665,92.7,2022-08-31,2715
348,92.284,92.3,92.284,92.285,2022-09-01,756
349,92.5701,92.5701,92.525,92.57,2022-09-02,2001
350,92.1174,92.1174,92.1174,92.1174,2022-09-06,19
351,92.4142,92.4142,92.31,92.31,2022-09-07,293
352,92.2743,92.2743,92.2743,92.2743,2022-09-08,4
353,92.2212,92.2212,92.2212,92.2212,2022-09-09,58
354,92.1733,92.1733,92.1733,92.1733,2022-09-12,36
355,91.7588,91.7588,91.7,91.71,2022-09-13,2403
356,91.7284,91.79,91.65,91.651,2022-09-14,1854
357,91.545,91.585,91.545,91.585,2022-09-15,127
358,91.645,91.645,91.645,91.645,2022-09-16,4
359,91.4489,91.45,91.4489,91.45,2022-09-19,116
360,91.2266,91.23,91.215,91.2198,2022-09-20,2316
361,91.315,91.3199,91.1301,91.1301,2022-09-21,7816
362,90.735,90.8,90.6905,90.7696,2022-09-22,8384
363,90.6,90.6599,90.46,90.511,2022-09-23,14798
364,89.96,90.3401,89.95,90.3401,2022-09-26,1669
365,89.71,90.03,89.71,90.03,2022-09-27,2803
366,90.0741,90.0741,89.6569,89.7329,2022-09-28,877
367,89.8128,89.84,89.79,89.79,2022-09-29,1090
368,89.6722,90.0,89.6722,90.0,2022-09-30,2654
369,90.2566,90.4299,90.2536,90.27,2022-10-03,738
370,90.4456,90.58,90.4456,90.58,2022-10-04,157
371,90.0721,90.0721,90.0721,90.0721,2022-10-05,44
372,89.94,89.94,89.94,89.94,2022-10-06,145
373,89.6105,89.6105,89.6105,89.6105,2022-10-07,2
374,89.4784,89.4784,89.4784,89.4784,2022-10-10,11
375,89.4685,89.4685,89.4401,89.441,2022-10-11,861
376,89.5527,89.5527,89.5527,89.5527,2022-10-12,2
377,89.306,89.306,89.306,89.306,2022-10-13,2
378,89.1441,89.1441,89.1441,89.1441,2022-10-14,4
379,89.2129,89.2619,89.2129,89.2619,2022-10-17,169
380,89.3302,89.3302,89.3302,89.3302,2022-10-18,28
381,88.8918,88.8918,88.8918,88.8918,2022-10-19,30
382,88.609,88.609,88.609,88.609,2022-10-20,100
383,88.8895,88.8895,88.8895,88.8895,2022-10-21,131
384,88.8801,88.899,88.8801,88.8801,2022-10-24,115
385,89.2663,89.3195,89.2663,89.2663,2022-10-25,136
386,89.4405,89.485,89.385,89.385,2022-10-26,3815
387,89.753,89.77,89.71,89.71,2022-10-27,2269
388,89.5444,89.5582,89.52,89.54,2022-10-28,1384
389,89.2936,89.44,89.24,89.42,2022-10-31,4217
390,89.3269,89.3269,89.3269,89.3269,2022-11-01,36
391,89.2116,89.4195,89.2116,89.4195,2022-11-02,135
392,89.0034,89.0034,89.0034,89.0034,2022-11-03,262
393,89.1016,89.1016,89.1016,89.1016,2022-11-04,2
394,88.9573,88.9573,88.9573,88.9573,2022-11-07,2
395,89.1798,89.1801,88.88,88.99,2022-11-08,3775
396,89.26,89.35,89.21,89.21,2022-11-09,18223
397,90.4244,90.4419,90.261,90.39,2022-11-10,24776
398,90.375,90.55,90.365,90.55,2022-11-11,715
399,90.2549,90.2812,90.1969,90.1969,2022-11-14,1646
400,90.6169,90.6169,90.55,90.55,2022-11-15,112
401,90.831,90.831,90.7,90.72,2022-11-16,375
402,90.5653,90.595,90.4813,90.4813,2022-11-17,458
403,90.3855,90.3855,90.3855,90.3855,2022-11-18,2
404,90.3449,90.54,90.3449,90.54,2022-11-21,6309
405,90.47,90.47,90.47,90.47,2022-11-22,103
406,90.745,90.745,90.72,90.72,2022-11-23,383
407,90.7793,90.7793,90.695,90.695,2022-11-25,352
408,90.8096,90.8096,90.8096,90.8096,2022-11-28,2440
409,90.6151,90.6151,90.6151,90.6151,2022-11-29,123
410,90.96,90.96,90.48,90.4999,2022-11-30,494
411,91.5161,91.5161,91.325,91.325,2022-12-01,14968
412,91.6001,91.6001,91.6001,91.6001,2022-12-02,2
413,91.1549,91.3,91.1549,91.255,2022-12-05,1397
414,91.31,91.31,91.31,91.31,2022-12-06,103
415,91.6949,91.6949,91.6533,91.6599,2022-12-07,715
416,91.5121,91.5121,91.5121,91.5121,2022-12-08,3
417,91.3139,91.3139,91.3139,91.3139,2022-12-09,52
418,91.2197,91.421,91.2197,91.421,2022-12-12,248
419,91.6349,91.905,91.6349,91.905,2022-12-13,6260
420,91.7421,91.7421,91.56,91.56,2022-12-14,102
421,91.7846,91.7846,91.735,91.735,2022-12-15,1204
422,91.7471,91.7471,91.7471,91.7471,2022-12-16,55
423,91.4354,91.4899,91.4354,91.4899,2022-12-19,491
424,91.1849,91.1849,91.1849,91.1849,2022-12-20,13
425,90.9657,90.9657,90.9657,90.9657,2022-12-21,171
426,90.9452,90.9452,90.9452,90.9452,2022-12-22,2
427,90.8045,90.8045,90.76,90.771,2022-12-23,1308
428,90.5096,90.5096,90.5096,90.5096,2022-12-27,15
429,90.4347,90.4347,90.421,90.421,2022-12-28,168
430,90.5923,90.5923,90.5923,90.5923,2022-12-29,84
431,90.4317,90.4317,90.4317,90.4317,2022-12-30,33
432,90.6188,90.6188,90.57,90.591,2023-01-03,1715
433,90.8792,90.8792,90.8792,90.8792,2023-01-04,103
434,90.7514,90.7514,90.7514,90.7514,2023-01-05,11
435,91.4083,91.4083,90.92,90.92,2023-01-06,11299
436,91.6,91.6,91.429,91.429,2023-01-09,3790
437,91.3861,91.44,91.34,91.34,2023-01-10,6504
438,91.6407,91.6407,91.519,91.53,2023-01-11,4053
439,92.0693,92.0693,92.0693,92.0693,2023-01-12,3
440,91.8352,91.91,91.8299,91.91,2023-01-13,3913
441,91.8116,91.91,91.8116,91.91,2023-01-17,1304
442,92.355,92.41,92.235,92.24,2023-01-18,7402
443,92.2752,92.28,92.25,92.25,2023-01-19,203
444,92.035,92.08,91.97,92.08,2023-01-20,405
445,91.96,91.99,91.925,91.925,2023-01-23,1839
446,92.0657,92.0657,92.03,92.03,2023-01-24,203
447,92.1,92.1,92.04,92.04,2023-01-25,143
448,91.9858,92.1,91.9858,92.1,2023-01-26,353
449,91.9003,91.9003,91.9003,91.9003,2023-01-27,7
450,91.765,91.7799,91.765,91.7799,2023-01-30,150
451,91.9625,91.9625,91.9625,91.9625,2023-01-31,3
452,92.3677,92.3677,92.015,92.015,2023-02-01,2703
453,92.4041,92.4041,92.4041,92.4041,2023-02-02,79
454,91.8618,91.9,91.86,91.9,2023-02-03,400
455,91.404,91.49,91.404,91.49,2023-02-06,103
456,91.363,91.45,91.363,91.45,2023-02-07,555
457,91.4761,91.4761,91.4761,91.4761,2023-02-08,1550
458,91.2751,91.49,91.2751,91.49,2023-02-09,403
459,91.095,91.15,91.095,91.15,2023-02-10,741
460,91.121,91.1459,91.0999,91.1459,2023-02-13,1594
461,90.8773,90.8773,90.8,90.8,2023-02-14,103
462,90.835,90.835,90.835,90.835,2023-02-15,8
463,90.83,90.83,90.83,90.83,2023-02-16,401
464,90.8177,90.8177,90.8177,90.8177,2023-02-17,15
465,90.5,90.5,90.5,90.5,2023-02-21,401
466,90.4315,90.5399,90.43,90.5399,2023-02-22,269
467,90.591,90.591,90.53,90.53,2023-02-23,202
468,90.295,90.3,90.289,90.3,2023-02-24,1348
469,90.4067,90.41,90.4,90.4,2023-02-27,226
470,90.4353,90.4353,90.33,90.33,2023-02-28,203
471,90.21,90.21,90.15,90.15,2023-03-01,272
472,90.085,90.085,90.02,90.02,2023-03-02,202
473,90.3586,90.3586,90.21,90.21,2023-03-03,543
474,90.4,90.4,90.4,90.4,2023-03-06,428
475,90.21,90.24,90.21,90.24,2023-03-07,319
476,90.019,90.25,90.019,90.24,2023-03-08,359
477,90.4263,90.4263,90.4263,90.4263,2023-03-09,94
478,91.1253,91.1253,91.1253,91.1253,2023-03-10,66
479,91.8243,92.21,91.8243,92.0099,2023-03-13,214
480,91.4084,91.55,91.4084,91.55,2023-03-14,119
481,92.067,92.27,92.067,92.27,2023-03-15,108
482,91.636,91.636,91.636,91.636,2023-03-16,61
483,92.3446,92.3446,92.3446,92.3446,2023-03-17,4
484,92.08,92.08,92.08,92.08,2023-03-20,78
485,91.7655,91.83,91.7655,91.83,2023-03-21,235
486,92.4751,92.4751,92.4751,92.4751,2023-03-22,208
487,92.8098,92.8098,92.8098,92.8098,2023-03-23,19
488,92.8359,92.8359,92.8359,92.8359,2023-03-24,38
489,92.2666,92.3501,92.2666,92.3501,2023-03-27,114
490,92.1631,92.1631,92.1631,92.1631,2023-03-28,10
491,91.8152,91.818,91.81,91.81,2023-03-29,752
492,91.8756,91.8756,91.8756,91.8756,2023-03-30,2
493,92.185,92.185,91.94,91.94,2023-03-31,106
494,92.4722,92.4722,92.3427,92.35,2023-04-03,4949
495,92.815,92.815,92.74,92.741,2023-04-04,973
496,92.9392,93.0197,92.9392,93.0197,2023-04-05,1611
497,92.9212,92.9212,92.9212,92.9212,2023-04-06,100
498,92.4915,92.4915,92.4915,92.4915,2023-04-10,4
499,92.4689,92.5099,92.4689,92.5099,2023-04-11,168
500,92.6169,92.63,92.59,92.61,2023-04-12,812
501,92.6092,92.6092,92.6092,92.6092,2023-04-13,7
502,92.365,92.365,92.365,92.365,2023-04-14,104
503,92.115,92.1301,92.115,92.1301,2023-04-17,226
504,92.16,92.16,92.16,92.16,2023-04-18,906
505,92.0111,92.0111,92.0111,92.0111,2023-04-19,3
506,92.2852,92.2852,92.2852,92.2852,2023-04-20,2
507,92.265,92.265,92.21,92.21,2023-04-21,1090
508,92.4035,92.4035,92.3248,92.3248,2023-04-24,1011
509,92.9062,92.9295,92.705,92.705,2023-04-25,1510
510,92.765,92.765,92.765,92.765,2023-04-26,58
511,92.445,92.445,92.445,92.445,2023-04-27,2
512,92.6823,92.6823,92.6823,92.6823,2023-04-28,41
513,92.3349,92.54,92.33,92.52,2023-05-01,4388
514,92.7746,92.782,92.761,92.77,2023-05-02,856
515,93.1037,93.1037,93.1037,93.1037,2023-05-03,4
516,93.16,93.39,93.16,93.265,2023-05-04,119712
517,92.864,92.864,92.864,92.864,2023-05-05,136
518,92.5842,92.7,92.56,92.645,2023-05-08,5138
519,92.595,92.595,92.55,92.55,2023-05-09,907
520,92.9358,92.9358,92.8559,92.8559,2023-05-10,261
521,93.14,93.1499,93.11,93.12,2023-05-11,1659
522,92.7938,93.03,92.7938,93.03,2023-05-12,1048
523,92.7235,92.7235,92.7235,92.7235,2023-05-15,2
524,92.5632,92.5632,92.5632,92.5632,2023-05-16,25
525,92.3709,92.3709,92.3709,92.3709,2023-05-17,3
526,92.1,92.17,92.1,92.17,2023-05-18,1603
527,91.9693,91.9693,91.9693,91.9693,2023-05-19,5
528,91.9133,91.9459,91.9133,91.9459,2023-05-22,197
529,91.9776,92.018,91.9776,92.018,2023-05-23,407
530,91.832,91.832,91.832,91.832,2023-05-24,73
531,91.4812,91.4812,91.4812,91.4812,2023-05-25,19
532,91.4914,91.4914,91.376,91.376,2023-05-26,341
533,91.8996,91.8996,91.665,91.665,2023-05-30,3606
534,92.1006,92.1006,92.1006,92.1006,2023-05-31,279
535,92.2424,92.2519,92.1997,92.2519,2023-06-01,1037
536,91.8698,91.8698,91.8698,91.8698,2023-06-02,4
537,91.9075,91.9075,91.9075,91.9075,2023-06-05,4
538,91.8569,91.8569,91.8569,91.8569,2023-06-06,5
539,91.5746,91.5746,91.5746,91.5746,2023-06-07,52
540,91.867,91.867,91.867,91.867,2023-06-08,2
541,91.6406,91.65,91.6406,91.65,2023-06-09,160
542,91.7309,91.7309,91.61,91.62,2023-06-12,109286
543,91.375,91.6401,91.375,91.6401,2023-06-13,3203
544,91.46,91.46,91.46,91.46,2023-06-14,179
545,91.825,91.825,91.825,91.825,2023-06-15,47
546,91.615,91.615,91.615,91.615,2023-06-16,49
547,91.7766,91.7766,91.7766,91.7766,2023-06-20,7
548,91.7648,91.7648,91.64,91.64,2023-06-21,3501
549,91.527,91.549,91.527,91.549,2023-06-22,198
550,91.655,91.655,91.61,91.61,2023-06-23,110039
551,91.7645,91.7645,91.7645,91.7645,2023-06-26,862
552,91.5649,91.5649,91.5649,91.5649,2023-06-27,6
553,91.6019,91.6019,91.6019,91.6019,2023-06-28,8
554,91.1597,91.1597,91.1597,91.1597,2023-06-29,30
555,91.2719,91.2719,91.2719,91.2719,2023-06-30,78
556,91.12,91.12,91.12,91.12,2023-07-03,114
557,90.9153,90.9153,90.9153,90.9153,2023-07-05,14
558,90.5711,90.5711,90.5697,90.5697,2023-07-06,365
559,90.605,90.605,90.605,90.605,2023-07-07,5
560,90.8863,90.8863,90.8863,90.8863,2023-07-10,7
561,90.95,90.9899,90.9492,90.9899,2023-07-11,2623
562,91.4454,91.52,91.32,91.32,2023-07-12,9504
563,91.88,91.91,91.88,91.901,2023-07-13,6518
564,91.717,91.7299,91.71,91.71,2023-07-14,57723
565,91.6541,91.6541,91.58,91.58,2023-07-17,24002
566,91.6953,91.8699,91.6953,91.8699,2023-07-18,1602
567,91.834,91.836,91.83,91.83,2023-07-19,241
568,91.5142,91.5142,91.415,91.415,2023-07-20,5118
569,91.5542,91.565,91.5542,91.565,2023-07-21,187
570,91.4174,91.6563,91.4174,91.6563,2023-07-24,703
571,91.3447,91.3447,91.3299,91.3299,2023-07-25,282
572,91.47,91.47,91.32,91.32,2023-07-26,370
573,91.0947,91.29,91.059,91.26,2023-07-27,35551
574,91.3,91.3,91.245,91.2498,2023-07-28,2170
575,91.3475,91.45,91.31,91.3937,2023-07-31,6198
576,91.118,91.118,91.118,91.118,2023-08-01,7
577,91.0529,91.0529,91.0529,91.0529,2023-08-02,48
578,90.8063,90.841,90.63,90.841,2023-08-03,19669
579,91.3253,91.3253,91.06,91.06,2023-08-04,1528
580,91.2555,91.29,91.2555,91.265,2023-08-07,2623
581,91.4277,91.449,91.4277,91.449,2023-08-08,240
582,91.4151,91.4151,91.401,91.401,2023-08-09,612
583,91.1346,91.4599,91.1346,91.4399,2023-08-10,1146
584,90.8627,90.93,90.8627,90.93,2023-08-11,283
585,90.7548,90.7548,90.7548,90.7548,2023-08-14,2
586,90.7,90.7,90.7,90.7,2023-08-15,2
587,90.5459,90.8,90.5459,90.8,2023-08-16,102
588,90.5549,90.5549,90.529,90.529,2023-08-17,468
589,90.6693,90.6693,90.6693,90.6693,2023-08-18,3
590,90.4074,90.4399,90.4,90.4399,2023-08-21,663
591,90.3937,90.3937,90.3937,90.3937,2023-08-22,3
592,90.8499,90.8499,90.8499,90.8499,2023-08-23,2
593,90.7341,90.7341,90.7341,90.7341,2023-08-24,3
594,90.6514,90.6514,90.6514,90.6514,2023-08-25,10
595,90.7955,90.7955,90.7439,90.7439,2023-08-28,286
596,91.17,91.17,91.01,91.01,2023-08-29,2141
597,91.1469,91.1469,91.1469,91.1469,2023-08-30,3
598,91.2972,91.2972,91.29,91.29,2023-08-31,752
599,91.0868,91.0868,91.0868,91.0868,2023-09-01,2
600,90.83,90.9055,90.83,90.9055,2023-09-05,754
601,90.6518,90.84,90.6518,90.84,2023-09-06,518
602,90.8688,90.8688,90.8688,90.8688,2023-09-07,6
603,90.8635,90.8909,90.85,90.88,2023-09-08,404
604,90.825,90.825,90.825,90.825,2023-09-11,13
605,90.825,90.825,90.8,90.8,2023-09-12,471
606,90.9051,90.9051,90.9051,90.9051,2023-09-13,158
607,90.8484,90.8484,90.8484,90.8484,2023-09-14,2
608,90.7476,90.7476,90.7476,90.7476,2023-09-15,6
609,90.75,90.75,90.75,90.75,2023-09-18,15
610,90.5768,90.5768,90.5768,90.5768,2023-09-19,2
611,90.5062,90.56,90.5062,90.56,2023-09-20,240
612,90.3126,90.3399,90.2979,90.2979,2023-09-21,1054
613,90.4836,90.4836,90.44,90.45,2023-09-22,452
614,90.2507,90.2507,90.2507,90.2507,2023-09-25,11
615,90.2297,90.2599,90.2297,90.2599,2023-09-26,113
616,89.0856,89.0856,89.0856,89.0856,2023-09-27,1
617,89.2922,89.2922,89.045,89.045,2023-09-28,2347
618,89.2946,89.37,89.2946,89.37,2023-09-29,289
619,88.9585,88.9585,88.9585,88.9585,2023-10-02,20
620,88.675,88.675,88.675,88.675,2023-10-03,3
621,88.97,88.97,88.97,88.97,2023-10-04,2
622,89.07,89.07,89.07,89.07,2023-10-05,128
623,88.8897,88.9067,88.8897,88.9067,2023-10-06,156
624,89.4284,89.4284,89.4284,89.4284,2023-10-09,3
625,89.355,89.355,89.355,89.355,2023-10-10,4
626,89.4481,89.4481,89.4481,89.4481,2023-10-11,78
627,89.1501,89.1501,89.1501,89.1501,2023-10-12,16
628,89.35,89.35,89.35,89.35,2023-10-13,64
629,89.145,89.145,89.06,89.06,2023-10-16,343
630,88.69,88.69,88.69,88.69,2023-10-17,144
631,88.4941,88.4941,88.4941,88.4941,2023-10-18,3
632,88.4305,88.4305,88.4305,88.4305,2023-10-19,100
633,88.6941,88.7,88.61,88.7,2023-10-20,328
634,88.8814,88.8814,88.8814,88.8814,2023-10-23,17
635,88.937,88.937,88.937,88.937,2023-10-24,80
636,88.635,88.635,88.635,88.635,2023-10-25,6
637,88.9744,88.9744,88.965,88.965,2023-10-26,256
638,89.0698,89.0698,89.0698,89.0698,2023-10-27,2
639,88.93,88.93,88.9155,88.9155,2023-10-30,293
640,88.8975,88.9689,88.8975,88.9,2023-10-31,959
641,89.3692,89.3692,89.1873,89.2095,2023-11-01,1096
642,89.5746,89.6,89.52,89.5845,2023-11-02,1369
643,90.015,90.11,90.015,90.03,2023-11-03,3165
